Wallet address:	Manager(s):
5Gsqvp6wB95ZHB1QCWCJaLNTo4ywXa6DhVjA71MwciHbwiLh	🐤 bird
5D5K26U2BHU37dmyjsd32iYsX6TgUbWJ9tT2Rm5he4a7VHcv	🐝 Kstar
5Do6saffNhYqq2HKfmQNNBWq7gEeWYTEnqG61onaNKHSjtHv	🏇 astro
5EqSo8MqCoX5Kx9ZZ96vUcxTr9DkiiEqa4aPKAP2MnYTwWWs	🎰 lucky
5FTaW4cKjjkdYZUp3H7Jh4R5oVZfJ2Gn7Lq3kuEBZCm75Sar	🦜 phoenix
5GemfyzZ796wKCUBSMtXwgGQdtq8uUGungXkxU5cNc6ksS7G	🦜 phoenix
5HYUiGwNfBvLuLkcMckk3E9Sgn7uobz47bE9gECzAocrbvqK	🅰️
5CfPHxx8QAjx4i2nauQJnwe2qiDm9Jzc9jAje1EgEjR2cNi8	🦜 phoenix
5EcCB1bo7yjEypNwtb25LLfb4d14NtefapeKMgSB1CS27shV	🅰️
5H8ZXFau6MkPKXKbUqvQTjRFMDpsWfr8vpEhs4XSfs6M2bXW	🅰️
5FkQvGsDbVZS8cv6qKi4eVMSfHr59Wdjj2jdvYCLuctrxNK6	🅰️
5H1aGrPn1JDy7uP79gut86ieG6ZcnFajafQQMFrSAEDECE1g	🦜 phoenix
5Hja6o8JARY3EC1ejyyJs4E7xeVFcr4TEeeTAxXjgRz7fx4y	🦜 phoenix
5HQSgxXMHAVDB3raNyP8s9zgwArTpQnzEaitfDoG6UqQuw1D	🅰️
5GsuiMtHYvwXP4pigWhaNxjBAcTjpEfQVKQvDyuGm9xjENRT	🦜 phoenix+🅰️
5E7NqoZHBiqFVtUbHzYrgggT5DuBNPjqyoZ15LEbDfPWkusR	🦜 phoenix+🅰️
5GsuiMtHYvwXP4pigWhaNxjBAcTjpEfQVKQvDyuGm9xjENRT	🦜 phoenix+🅰️
5CAAjostamK8DghRbStprp4rLFGtSiqoXrUwbka8JBMs4YY9	🦜 phoenix+🅰️
5EFhqJizryxuykPSq6aPEj8Uz2cUr69h1MtKFRPwZ2nE5bKL	🦜 phoenix+🅰️
5EfQXCiE2uR8AUFneAWEKAk9LUTMwAKrHbHLQpe3gpJJG2RY	🦜 phoenix+🅰️
5CfKyqkFJYCNSNLd2dHpm5umzNGwW8eQJr1VB52wNfbhnofq	🦜 phoenix+🅰️
5C594GVfob9FtD5qVMFmSSSr5NDangvpf7wiVrUbPwGg21XY	🏇 astro
5D9j8hbo7o8CQBPMDJD6cU8WCqmhy8zoUSg6eog8vVwbBG1i	1️⃣8️⃣0️⃣3️⃣
5D5W6GsKhDk3Hsm41PMfLFxePPLLKaEJ9GMJmPbgMcPijKWT	🎰 lucky+🐷 piglet+🐝 Kstar
5GnciuezsyHS4rT3uECyX3FDRX6QsHRFoNvbG9knfVzxXV7r	🐝 Kstar+🗡 ares
5EWTBcNKcLeA9jEXTxpbdqPGki5F2quNbwQNvnocLs5eoLcW	🐤 bird
5CfYRq6v8qwCXWGvTGLTGTe1CaiZgA14tAUgaUqjhphnUQBX	🏇 astro
5EyckJpFVEWbTSnuv9TZS35YVCWoV5UoXGhjvdFByL156ruV	1️⃣8️⃣0️⃣3️⃣
5HKGS4zJiRNtmaRdHA3SvVPde9YgfT3J7noV3CSHimS7SEZB	🏇 astro
5ETm73kiyLFCyM4X8HJTGg6sGyUA7u3LES9QAdSW4XBYD9Zz	🦜 phoenix
5CtkTH5DxFW29zRj6er3k7oA9KgY2NLG9ddo27iS4FSG2ofg	🎰 lucky
5CXTLaiwaALp42QvqRLUJ8crxXKn4aHwLbvuLLCQkh1VxcWW	🐝 Kstar+🐉 top+🗡 ares
5Hfsq5bcfcYgPjzBvL4qqNm9mBniTWLgqLcYc9VLo8nxvEsb	🦜 phoenix
5Ci8Rmkfajef8QuVDuw2fgRd1ixhTHZJsFStXVtnmWWBTj39	🏇 astro
5FHAovbJyBtcBYqMXy8YzhTYgy4pfthwqyCvpAY9JaYYVhca	🎰 lucky
5CSXrovkCJ79FREC4wMafj5pvHSKjfLmaVJXrMVLcgYqo6Rq	1️⃣8️⃣0️⃣3️⃣
5HpPkELYbkvK8rUKfUj7pdrz7YhkDsusvirXPotX6fEvrmiK	🗡 ares
5GWjKBFMcBxw9Nv2ESgwNZQTfoQ4wYaoQe5aHoC2NePAZGv1	🅰️+🐉 top
5CAkDX2pXonFTRfHuq8JkwztL31C2rZrf2EHzaMVCmriWBf6	🐝 Kstar
5CUp288jwSiMjKGjcgTkf8LtMHSdPBfHNnpBV7RH2CBWWQfb	🏇 astro
5F1okPUbgHzfoX8e98zV2DtVtgvSjrvyGwBX8bTKTqPwrV6o	🦜 phoenix
5HajtvbwV1zJDjWRb1ErswcJoH5y4hPyTYinunZ8P5g1Xmvn	🦜 phoenix
5CnvVuMggqXfrMxAmN3hJgFJ1pivKsBxzNmDEr3erNheS9c2	🅰️
5DfQYJ7w2EtwbC4ghpXzqLhXEwiBPKFibtW1r3W7pgXBcwQp	🎰 lucky
5FLaBaLoPwHaQcYqTMpxu5D19qB6whCokKcyGMJ4VNKDf6XF	🐤 bird
5FhD6kXeJKLFYZNjpDqsYTU52BjiPxBGw5MAZitgYZ9tZpEk	🐤 bird
5E4fh85SUm56pVRiAH93ez36Eodopc4MaWwMCEC1Gapm5JAT	🎰 lucky
5ERyvvRQgVwyicMLKgzryJj3wLKxZUYfiCu6AcTY6qhdANBF	🐤 bird
5C5nfG9rp1zo6s9C7kxHstUSXHrSQVfcM6S3G5pWTRnAZjpw	🐉 top
5CwkgDGfSvcPURyxJ1atCfDkARMpWooxE9DhB1nMY1TrjuKH	🐤 bird
5E5AeZr9E3AAzbaiui3zo7bhDEmU9tN9Zu7QmsimG7qiUomf	🅰️+🐉 top
5EjV8sF44WvHLkQZjExayhK3HUMs6xcYyArT5sKdzDTBsL9g	🐝 Kstar
5Gp4RC98WYmaBv7FhAvVRUGCtzxLmqJ93Ube4E43gtWYhDUw	🐝 Kstar
5Ejm9Ri1JeDUJ7ftcfWpACNE7ngkiSFV3eEWq9EMoUZAiu6i	🎯 sniper
5CJRKLNK7EUQCagJ5ic8M64eZgKhgTPzKYZDWT7ZW91RhCrv	🎰 lucky
5EtJcX1EN8b7NbUZgy3YzpXK4ws23u4enVEcKpbnxEYv559A	1️⃣8️⃣0️⃣3️⃣
5EFFU88WdBaZzJnArX4VTsHqqJaCeoDm1iKhKVYuKB4tGobq	🐝 Kstar+🐤 bird
5EhEYjbhnpsiAgnnpSqWYGM2WCoZtvFnK9npV3RF8XSVSjX2	🐉 top
5EJNsUrwGCWuxPDr6BP9YTzLef63M76YgyLDNQN2gUwseG5J	🐷 piglet
5Ei1FeFCwkW8TTgEiqj439qBGyg99yJS6yX651WGgxd1z9zN	🐉 top
5H1GHSj68uREXD582QKR5bh4LEm8y5eqk7fk1FZpV5kepjK9	1️⃣8️⃣0️⃣3️⃣
5DCLpGogxApsq5cFk3w9mhPt3YeBEVPAd7HXfyCYnRAQJs46	1️⃣8️⃣0️⃣3️⃣
5FhiS5ubw9ZU3wskGg3qtPU5gAbP2mzQLeGg5w4kWAT4xZNz	1️⃣8️⃣0️⃣3️⃣
5E9faKopLW8cpXY5Erhbp66TKtvZCk9kZvQYRdyoadfkAgRK	1️⃣8️⃣0️⃣3️⃣
5FBizSSuG43WwtkNFcqgTUsTU6QnnYgshviku3YAEb5n9cTi	1️⃣8️⃣0️⃣3️⃣
5CqMjw52uQJRAcSiaMTiM3t13SmKtx7JFPmX7u5gbcoQqXLm	🐝 Kstar
5CY8SaYWMHQ5LUrgGgEBcDTLQuRcNtALcwQVnrjV1hhoU8Ed	🐝 Kstar
5FLLyVyNK1nKfqoJnNxCVacbxeBotzi43nykaJoQwCnqVqca	🦜 phoenix
5CXHqanLnYBRf4uUqh6RSBRaAtUf2kYy4WHb3QAeHn6dMYC9	🐝 Kstar+🐤 bird
5En4F7eytC7JGB8zisfUA9FvKowvmuaK6wJAkfyb3pPqHJxT	🐷 piglet
5CZkCjzinRqwHY9yCkZiLopjV5zGHLhRQab1m4HGKELDWY2h	🐝 Kstar
5GcDMyAtCaojBCVXHybPbTCh534BHqbugdc3Q6CJ5hgJuJsP	🐝 Kstar+🐤 bird
5Hpn67Wr3vH2TKph5FpbgUMPczpPSUdufsBxVZMwGz46bcQ9	🐤 bird
5D2YeZMPLSPpdmvfdPGf7x8i4ZTrwsoPxysV8ZxZX1yEXvWF	🐤 bird
5CFKzUP3f1NGaK6bZtKuQpnghUTz7VZpWLeNnksPzTbipgfc	🐉 top
5FhMcyves3J9qzLscU7n4Z7d45EWfik13c9GpqeYW4HRZwZk	🦜 phoenix
5DeakKAMRqi3dvjYgDzW5bDXjQjP282PLr2DEYx2Z6yvJCDU	🐉 top
5GxffWYUyCXfi3X2ci8BLfhY114iGZKoNHmiUrALuXHJ3YSo	🅰️
5ENT46iaGbeFUkogaFrFJCHqTBu6Ear9Av6FbHwjRcd2SWKy	🅰️
5F2LdTkxgAknoyQup6o8nnD6L4TVo6uQj5QaM2LQhcjRAWE8	🗡 ares
5HTfXFTUhFnQnTmbc4CHuJk9vydtoLfn9RunvqT2WwDx8oHw	🎯 sniper
5DqiYmNCydQYBpifbKe1jcD14NbPWvq8ausQuxBPYc19vVJQ	🐤 bird
5FZnyLckXPKDdm7YcsWns3nTPX2txv13bew3pW1cYTauYVDE	🐉 top
5Di8hobir64JGNhiqDbv53gdZGkqgqn5M4PVCSdKNcf4eVpa	🐉 top
5DPQmUTyZbt6GoTyhgA3mmPdaRExPW49ccw8qzwsFm7PmuRX	🐉 top
5GQmNZ5E1Tqic5L4hxp81Lent3GprrtNwKxyVGWCFYYKVH3H	🎰 lucky
5G1GWrR1FBBYm7HMnjwZkdxKod9eCDjEAefero9rZW38wd72	🐉 top
5HVwE5Rzbuiqmvvj9sfV4a5uKR14dDH1bJ7SkgjN6GN9hVop	🏇 astro
5HQvQqSRC6XXTjqptLG5uU7gCVBNL55Cyev4rMzPv3bXd4EK	🐤 bird
5EqvAYbWMvtXGKNAZRvUkPzyeueuAk8NFycF2qpdAHDFSNyM	🐤 bird
5FpYQHhYRmwrcZsZNLd752Cky4tLH8QhmJrByaM12Ro4sjA9	🐉 top
5F4kdNgH3n44mVnwEtuMhzgVZ97XY7H5uKTgUTPFMAeqiQhC	🎰 lucky
5EqL2FVG9SGM5mPwQkG5KSHG8MWwWsnFYYQBWBHUR3NvJKRg	1️⃣8️⃣0️⃣3️⃣
5FTf93GbBpo9Yyz1Xguh9obP4L6oA9u93fL3CYbZB9A5Kjmh	1️⃣8️⃣0️⃣3️⃣
5EcHipVoDZSVsHQQHgfmnCedWj5zAKskvnaGvZ9bXpoSBAGV	1️⃣8️⃣0️⃣3️⃣
5HNXQYBc9tbPyuiJvL9C2AhMXBWpouVaMC2DKpuupuviiRXZ	🦜 phoenix
5DUKxrTRzDBJ2xAgaZkwR15hWuMqhZY7x9uYgkzDtoSwT12S	🐤 bird
5FWXHayyThz8qhiouXv6W6SM3RBC9FYViChzp2iVEJEfoUhJ	🐉 top
5H6P4r2okW5qYFsmFkgvDcBnq4z8ZVdVAszXEusy3Muyt1Gy	🗡 ares
5GQtkoFtxaFdJwBDdkjrYKhf8waDWf5q3HsCb4RLDfhc79vK	🗡 ares
5FjaT7RWdVakxo69kU4YyfeqFwip8njRE9K9PxDmBXxb9Zxm	🎰 lucky
5EeYcXpf91AB6LjQMgDYttBokm7ApcCzrTqE97GeioS8umGf	🏇 astro
5HVgKM4KubP6VzzePCcKeeaaeRfkFEBuKXEsKw5wPvrLYRzf	🎰 lucky
5EUs1UMMUciCzHtr1js8spQk8No9JMGkqtLMiJ3cUmLqpDV7	🏇 astro
5DCWA5hmU8YTMPiyLVnYBpvJses6Ax3wyJBuhBirHGE9iiN6	🎰 lucky
5Ecir6B1vKX7vxZG36X2sRBfggqiGHZ9XECv8q3sg2u5edBF	🏇 astro
5DvEsSNtXjYZV3Nsza2cNPvtzoCEa3rYZ8PBgt1xGu4fyReb	🐷 piglet
5FcER7y7Yjsoazc7DtsKtv2DeHh54adLfFNQpLc55jXb7q5z	🐝 Kstar
5GTWh4qsHm7z1oTE26Fwgad3fo8c32A2PJ4HgWxTnqzKCRVg	🐝 Kstar+🐤 bird
5ESBbbnGkbANbgdwbHUDdwPUQjw3vJP7WtpQr4KfugVFAvba	🐉 top
5DM1qCJaP44qSAggDq73bx7gezAmURksY4BkfoWiRoj17GsE	🐝 Kstar
5F7aXo1UacrT2RR6aauaFz2u9EJ4ussrjShScP6CsPCjNMsk	🗡 ares
5HTysH8sDrQLSWdswp3iE12LztX7BE4EWe49KqV73ED4o5Fn	🅰️
5GCF2qjrVKxcmMvMnfN7LkzPVQgHWPusfcKJJeGE3Bn1iEA9	🅰️
5DnvRkjh1s3e2q2FAP7zHFp5FWMCYmqYoLVionKt4iB4czbT	🦜 phoenix
5Eqqp3yxZTPcYGLDGsyjGeM5DXGg99aZWNh7BTdz3mCpruxX	🅰️
5DvqtYwAMCqTeazEgoNEo7f71yFhtdVf7hSAkwQjHZTJVXoJ	🐉 top
5FjNunN3C6Z7kYaA8ozj72ecRdMWtSu4hFiLRFxCmVJ96sUV	🏇 astro
5FPEZhGpSTCamEfBHuqwDRMfPQ3PT4xCJFtYfTWQ1tbqQPCo	🎰 lucky
5HihrbBmzwjoSwF84VLRBT6i2NxWgkQYX88sdsF4Ac2bdErL	🐝 Kstar
5DvMHQdRT2RDkchWFgfifrx8gNdL1gFNKdbBg8CSmg4fjd98	🗡 ares+🐝 Kstar
5HMaNd5p9jFVQu1PgDjNY8L9JMMikjggqJY7W3B1zb8f9uvg	🦜 phoenix
5DodAaMD9UNEXxrwb21558A12vcgLGMX253PybC2GNPEPX3r	🐤 bird
5FCX8Kni19rdokxwsMRSZUWA3DgxE9cdBbC9kwh4DtbAym2L	🐤 bird
5F23oERR9vtijhKGhvfp5RjAEfN8x3kpmHjqyuN3HpFC6jfc	🎰 lucky
5CswftdwznRWFZdXZ4U3ceSdKtxGxKQnvRqngrioSmaTG9uG	🐝 Kstar
5FNjijvd6eGdzwDY6nkerghBjkEzjSZJZg3BGaAjhEqkRtsr	🐉 top
5HHCop65BaywWdM1LEsHs1qb9qjr25L4YEY9XVtHrLAU3emY	🐉 top
5D2129BcmNMRdJnJaCbFSA4CYYRw5rt8U8nijYjWPxrihJUo	🅰️
5Haz68itbEHaM31N97ZetZVt2LVweGy5vvs1GhH6zZSDFDpS	🅰️
5FF23DE7iFK26hw5BbesPzJyc7S4CGSWW5EuY8F5Q1QZDYGo	🅰️
5Dq4mpe5ea3PmCHntavedPdWuoZhKcE7zsdjSoZ711qVE6qQ	🐉 top
5GmVD1QiEmii5rr1BWUJ9opj1Wf73NNTJVdKnR1ux9sjBpaR	🐉 top
5CocJVd3sScRw9senamn7MiYKrRyqzCJSkiqmCAW9nHRYVV5	🐉 top
5HYEEuaheNgtZcHg2jhytw1FesMb3tquTpvkaGCaVr1xhqFZ	🐤 bird
5GF7rRqLkoUNB5e3JXDkHM1i1KNkwGsCZjN1Tru54PRHqjUk	🐤 bird
5D2vsHbQRAfByWRLhsrf3VuXMgStqE7aLFaBw2BC97ZT3Hz5	🐤 bird
5CXfrd7LPQkyEoW9CocRZZYmzgUo6SojZNNmSSzEtf5BYyPH	🎯 sniper
5EbuoDQQo4A16Q2WooADSqerpPuiR8G3uPpQK7p2Q4Lr4Yd8	🎯 sniper
5EvWFKwUigvfg8shpW4hqGC6ZuGb8eeVS6V73BswV16ezD5j	🎯 sniper
5FcER7y7Yjsoazc7DtsKtv2DeHh54adLfFNQpLc55jXb7q5z	🐝 Kstar
5F9RGp7Sek85kbXLboM3WsSgwEnioMG4Eh3PokrYUgrzdk3H	🐝 Kstar
5GNqfhbA8V7wZ6YoqQHBaus39JyJa6foTJFKPHxdDECNXKik	🐝 Kstar
5CyhFYEkFJF88ZrPJfwma8n258d4qccEdpmzDgic14Jst8DE	🐤 bird
5FpXVzzvbriH8fofADjxe2y3rifhSPcoYqbso92LgWdbbrbH	🐤 bird
5HNbpYFgn6vqURqevbQ82ifYiLxE7TB9Ds5M8ViVVyhoSh6u	🎰 lucky
5GHJrYYbWxfFn2DuJw4tMKnLB765vX4L88nyb5uKQ28DTsoN	🎰 lucky
5DeeKhBKjjsgz88oHgvptSrNmJyhfNXDE7JNDedFyvanuHSs	🎰 lucky
5FEYjp3JjTN7y9gwynNp1TRM1eEjcJ5ry5XHG5Po4Mpwim5q	🐤 bird
5CqaZzCxy26KYrhmk4Xb4HNo4rdFr3BvvmUxvaYsRTSwUKAT	🐤 bird
5CkksnLZqVKFS4vC7Xc28L9Pf23YiRKuWeMojcq65PLDBdLB	1️⃣8️⃣0️⃣3️⃣
5GeQYZvYLzMWmUkoR6tUX4Qt1gHE7n8zt8UmtUhSCSU1ugDN	1️⃣8️⃣0️⃣3️⃣
5GP5nvAG1Vr1WJaCXgNwBV4NuM75C7dYfb6nu2gVL2SfgDqx	1️⃣8️⃣0️⃣3️⃣
5D5B1VjEmCBK8zUK4z8LfZdNMe8nJoodncJMCqedi6Tn4jwq	1️⃣8️⃣0️⃣3️⃣
5F6WLcoQbEj2QL6UAvcDZe7WcyvCJrwHR57Snzx6exjxZkKt	1️⃣8️⃣0️⃣3️⃣
5DF18ouoNRA91ueJ7izprfdHcVPcmG4yrxVp7gjJs3o4vGhn	🎯 sniper
5H9Q73mjKov3vEJvEvQNygWyXsmpy3FcyGqAbmHWJ27spNXQ	🎯 sniper
5GKe31ToWPoZxYVqU6SH7dishJRVSyXHkk243NjeEsXVwnsU	🎯 sniper
5E9t1U2GTGkktpKGsM4daUkJxV3JyViessH44KbgozNmprqZ	🐷 piglet
5ETzUbmHkSfPQh8ggfPFbmWrWc9zc34yhvyu45GqnZMhTxp6	🐷 piglet
5GQcTyoyzs58t1mW9nV7fYre4ggnB4SNSqkJTub1xAt8rzh7	🐷 piglet
5Hp9JJfFBbU4QbBn2hMx4zKezDVAwPomLUXtXtUV1Xh7cSHQ	🐷 piglet
5E4wB4mfWfrRW2PqDYzqvf9PApbDwBYzJWoY8HtkPP9qcCbQ	🅰️
5DAifnqgh95CzDpXu3CrPyoXp9MizhfbxQCpy4hnYRwof8Nd	🐷 piglet
5DA8ypY4QqVn2T1mz6umEiYDLtU5DLgHQnK3oACGYbMPCcj6	🅰️
5CZgWJ4jPfbuXZYk78qTXDLurJmcPAtojnzn2JEgaJxFmsP8	🐝 Kstar
5FeDCVmfFZ82Dfqr1X5pSxoCxbqYBk8uUggfKJSzKyrnHHqC	🐝 Kstar
5CwCv1rGFkmFPnPrsVDSMdYoV4q35MffGm6WHdN4e4ULuoXM	🏇 astro
5FpeJ4dJpw9qS3kP5C4aw3vpvyYZzWY8ASb6wrLFJR5Vkr16	🏇 astro
5FBw56CHmSLapHRTs9UA2a7rC9ubttPdZZCYGMDZCYZxLYTX	🏇 astro
5C8Cg3e3PNiyd7sgKBM9dGik27vuV4Hyjipx2CEKn6mFCPHo	🎰 lucky
5DaBNkfrH6ESSpsFTJE7jvFjE5jRjVYMFGzbhkDn7EytxCSL	🐉 top
5CA4G4mdxtQi453aDcVxK9kREb6ZdfYb2hPeeRskXb1D6bcF	🐉 top
5DXcNqRmGiutDG1AfacEeR5ppBMf7mXfp2YtTh8amuab2xok	🐝 Kstar
5EJBBhEeg26Rmjquz9HgiooGhSBSn3Hiwrhk2xaofHJqCbDL	🏇 astro
5EkSWrMoZ4h2cfViXzhWY4yoWpigLuWXdGAPkYbfMmiMaD3V	🏇 astro
5CAZH1XDaD2GycVFrJGjFMpMeQuzpKYnam4MZvJEaRiJ3rm9	🐉 top
5Dc3hjeH8WUpc6MfDDLFkskmbZCXasxxN9oWF69CET9Bcez2	🐉 top
5Hmj1SX78Qw7AKeiGYehUXcEoK7hGQqqZm4B7gJVU8zNEAD4	🐝 Kstar
5FYtakbuZE55hiNFqcqsNcC6D41iUH6yetcGEXYzbZhyih7m	🎰 lucky
5H93h6Ah1ahbJPzQegrkX85CpciHHeC4a3bRdEW6gwNkuMsF	🎰 lucky
5GhGyX8mT9scNqvRuJ8coLNH4wR92DNbmyKUncHctcirdPHw	🐷 piglet
5CAq5GK4L82gt8RvFbBYQQr2kDfhncG9whntZJpR9BE1b4cE	🐷 piglet
5Gq2EsfbxpbFgTYeJF3pLTKfpzCPo6CWo1PnFpcJKtBbMDzi	🎯 sniper
5ChwzhG1erFJQderFrdSRvTwRaUP3tHh1EFyDZKeAkLS8pbZ	🗡 ares
5GHRRs77Nj1SEmA2sip9DMxkpSAvMXqC3BSrBqNMGuKeLDGP	🏇 astro
5HNpT1nMu4AqVUU2uWEbasbBJL8Ynt1qwZDUHHpD1ajnWEFm	🎯 sniper
5EF2E5GQEBYjDrDMKU1s2NaXdRwajsztpZCt8wbMWjCo49qS	🐤 bird
5CSQi5NAme21TDx5ujuVLQtwVRnvAsDzvPhqkZhVDxb5B91k	🐤 bird
5Dey2ZpGQxVirmRqvnfhvtUoQEbFC4CW5ZFhbBrAQEmtCpMo	🐤 bird
5ELpMTouaeVE6aPGe6syvPxwiEnheGTK2FTZvRNU9d5n6B2W	🐤 bird
5GeXb1VtEU1Wx74bcc8ZfiTBo9HGX1dBLXYiqJCij3KGi2Vu	🐤 bird
5Gj1UZCoYxLQL229Tio5eB16pLwegndhpqBE7EBKSX39Zo4m	🐤 bird
5FRxgPUGMUQBYUh2NdGrfHwYjmxRMx8T3vvE6nWijSYKhkSV	🐤 bird
5FNBFqn3ZG5vUjFFFZY8KRzRabDNtgHG79acnkfynKAKtYz4	🐤 bird
5CSQzVPDFaLm9q8qZ7qywMcMjDV6XEV7HQ7BwBCth2ywVHbj	🐷 piglet
5Et8fkUM66EB6gXuiWfBt6t5xJy7En9jCZwbA4hH1e28MRbk	🗡 ares
5C7tXuvkehMUPKvU19b96zSgP2znKbsTC1q1gi6wtXXaM8yB	🗡 ares
5DfAR8yRF2d2QJxQ3moX4c8Coyjna7Sr6xTpCd1uxRbwPTCu	🗡 ares
5FRyAoRXD8rZUG4tnkv2qZdpPLnTtKhH3uYx9Uf7rmiAKeht	🐝 Kstar
5G6QesemNeS5vy7L94XgLwpCcTfVUudkn2N8TciFaZB8jQLd	🐝 Kstar
5DPkLUVp6BRxb4Agt54QfRLEcrYY1QdjobBvjZdDEu9spVUB	🐝 Kstar
5DfdhGp3FvhYSvBHQY9be4SjPW57dCTtPCJssSRiX9AmjuuS	🐝 Kstar
5ESJJSXwyZ6bvSr7UxpvTjiBd2dHXYELg6EfQbPawN6ZUKbK	🎯 sniper
5G4dzSrWjvZq4e2vtCSDwz3S9ozRionF12Jwy5bhhxsqpEmp	🏇 astro
5HmBEdknG6eZ9i9mNt7zhSMM1dL1U88iNza77SDiiej3ezkV	🏇 astro
5CfrMVWDth6boiD8KXUdpKyXoirc94jNAc4QU2tDTxVGpiUv	🏇 astro
5E2AVGgAwzx6MKy1kKrnU1naPbMvQsZTdwqCK6qaMVVq8oTP	🐷 piglet
5FEQkXBAVVFCdDheFXqnifdxmWg7ph5USTeEmDb7KGgqU6gP	🎰 lucky
5FztetqThxkuLg6W6Kq5F4H89jW6rEyCXRLs3zDXXDTV381h	🎰 lucky
5C8Cg3e3PNiyd7sgKBM9dGik27vuV4Hyjipx2CEKn6mFCPHo	🎰 lucky
5CXDwAjJYe5F36ENGX37gRYszoodcRj5gqj6upCN6ADsakK7	🦜 phoenix
5GWrGfS4P3RSh8t3VH8gRDr7p6d6ZVy6trQtTXUcE8EcazQY	🦜 phoenix
5FpNyi8a4gerXEEBrwfgKvM8NBV1FtmV2AcpsQSXQuML7PiP	🦜 phoenix
5FEmG1BEEPcm9bCE8PprWc84p6TfdA48CPvmfKn7KyHf3AFk	🦜 phoenix
5HWNbifjiKNLbgEhnsospvV8PBZkaP2B3qqFipoJNZNeismj	🐷 piglet
5DnnigDjfRExChhd9fzHEFmVe2UfbJg65Qojeyo9SYF4YVJA	🐷 piglet
5EaE5YxYF2iBrQxrMvkj2G1koh7mqn5f6VNRbJsiW6iccndq	🐉 top
5DQ3dHw3NNAYoB8LvsZufx89ZmT7Bas8DVgG1eGPSZqHWnBR	🐉 top
5EHabD8iVz7LH5TfUN32jeHsqCDuTRMMp2GC3qvgE4EsY3tc	🐉 top
5GzZMnxhjTJGUwm72BBAwoNdxvZyzSijjtyV1M75Fkjitb8C	🐉 top
5EcPMYFQFpV6xrxFikdLrSgnyakp5GSQYBmdtqeoQvUozkdU	1️⃣8️⃣0️⃣3️⃣
5HjBTGC9vJw9bFUP9DCNVBLTy4jeG2Y7wUYERxSvppATGt25	1️⃣8️⃣0️⃣3️⃣
5HpDFDxfqp2b9MczXVoN8sWUL9PJZ8Sn2z395zrgjY5rEBYG	1️⃣8️⃣0️⃣3️⃣
5CPUdXwQQ6vAVdyR5Ux8jW44WWue6N56a9moX6Vz5X439M4i	🐝 Kstar
5E9aEBfqjdVv8bubdo3EBquoyjMc62MxdWKqJCF63VZiUUzZ	🐷 piglet
5HT9XE6D5UpEsPHBJMuD33AKKwLkiidFjG78aziSFCq968mk	🐉 top
5DP7Du7uvTK92jcoExRDWj2c2bSAeiDq2gRBu31prot2u9b6	🐤 bird
5GQxq8yQXWeptbuVZm5jQ53t43MJFJKyS3ehfv4iarF9mZRq	🐤 bird
5DUKj3k8g6WyfDJzqGiN4Cyn3wCjm4wChyKxD52E77GzGWYG	🐤 bird
5CJSNS5dMo4U1qB8JELqzZwyb8VdnpnR1nfqaLpMvtn9ZR35	🐤 bird
5He1oFJtQsyMuB69wGoTeMG5t8JuymrdE8ckgLPTg5QKND3R	🐤 bird
5DMDDjfh9Bq5Hf63GWVmQAtgrQUNzd8Tp36hNCuSTgDiVqLf	🗡 ares
5HBM2RZjML2VENLTbfyo7wAojnuUB3UvisGvuE7vS7eN3q3R	🗡 ares
5E9epkXWXiKERtc9qDyLNfBZj5wjzfjWfWRq3Uno9YPh6VWA	🗡 ares
5GzZMnxhjTJGUwm72BBAwoNdxvZyzSijjtyV1M75Fkjitb8C	🐉 top
5DRqmUhEUtPKsiCruFYk54X8y9fVg5rFfz7Haq9wttnTEDMW	🐉 top
5HdPhNAmxDZmSvU5qHsg33ik3uB6JF8LBVWAMdxRe3Rezkxg	🐉 top
5DD2QUo5ZZa9xXExnTrrxm9vrSAqsHceJJkjvAdkNfo1DpG5	🎰 lucky
5DUYi2gJ56YYtJ1Lb5K68Z9Gk6vYf9dtPXc6xHj4rLn19p6c	🎰 lucky
5DoahdPd7QEETqe7xCqNfRAw2mbD8LDMUxkJbyddTRp7bCpo	🎰 lucky
5FyCr5VuBAUWbu81muuiRDZRxGM8fPKc1bqdtBq5JNZ6c4UG	1️⃣8️⃣0️⃣3️⃣
5ETjcxhZMgqrQzzjwVUnf6TeLqgJnwe4PLSYp8icQcNGrK6D	1️⃣8️⃣0️⃣3️⃣
5HBdq88AgBM9VufjuhF3QVVT9V1dGtHmWXmxVAaVwGDQGc5x	1️⃣8️⃣0️⃣3️⃣
5HTA41E9guadgp8AVUE7i3twqRskd3BKi1GES5bdwrHc9Eo4	1️⃣8️⃣0️⃣3️⃣
5CPpHUT91zNXwig7cf4RCW8AmeBHrKv31WvEzqe1wtUok9Eu	1️⃣8️⃣0️⃣3️⃣
5DhXmMTaQeRypP5tViEhYXkvubvHLWBEqrWTVs39rwn5J5hx	🦜 phoenix
5EjXgcSE432XQXCvNcuQzpk64hKU6HYyHNZsJjxDxQj9MUig	🦜 phoenix
5CkGY7n6aUExjXbzg1EDk6nrFZWQ8Bp9GsFkidpGPC4hCrEU	🦜 phoenix
5CmDsWqsjQVjeHPZZsiwESo5WvRgYJJ6Mw8uxf1kooK46Wv2	🦜 phoenix
5Dck4enVLXpUrw3SgF4ZEBiZfgTga3aZB2T2VjheNEUaH4uD	🐉 top
5DvwAQjn4i2nRTnZp78gBYRFjyfiriWxAyqo1Yzd2artLLUv	🎯 sniper
5EFAVHymNSUUHi22j5EppMhVYMxrjVMfxpMUmM2WrA5iotaX	🐉 top
5DPmaAMgmrQQPJKrgQ8Q5m2cvhMXgBtfrNGRvxKPXoVVE72j	🐉 top
5CUPdhgzDHeDL78srt8DL2Tpp2cejrMpnkeDQ6QNaFeqRxkt	🐝 Kstar
5GseGw3EL5BXxFQDA6mSKz8K8RTEUbDx2LXwwQ4CzEuTDZPx	🐤 bird
5EEfoWpAwMw7yB6hCsUQXzNDCgLToRDPxkfz4ddZSfw338jw	🅰️
5EeLMuWpNCWrhBbfXsCC7iTA4qWoMzjKSmLSvbWXA3k2Nrfp	🎯 sniper
5CMEghTqQoP3Nxc3RafGyM1D8XMEVdnCWjnQzagXF8oCYLtK	🦜 phoenix
5CVBMuoCq3ytZxWS48rc7WjLyLMshwxXo7bBwHx1DycjHw7Q	🐤 bird
5CtBF3f24ShoCqcR1UAubRQZZm9K7JSzmskrHgc5UwEWEC3E	🐉 top
5DhXdtfRFRodZFHU7KDnV8Huj2ygkMTQErjKtfsBUmuojUz1	🗡 ares
5Dnwn2wRkBwoEwMwygzrfuY9wB83rjTGNWdMU3TFSujQsDBN	🎯 sniper
5Da5vdgBvg4nZmBysGH4pRDqjCjMN9T4pRqnmLZXfNWp3QiW	🐝 Kstar
5EHyFjXygjFGaTYWWLin1pwv8ghMtAHqdTnhpXTagDy5ChrG	🐝 Kstar
5CAJSYJ1KYNH4H7cwc4biiHRTMeL7aaz8vzfNNTmASzsjaqH	🐝 Kstar
5GNRgrv2BnMrma8H1Tz85FUMZ33zy8Xh56bRrFhdDkF3KX4T	🐝 Kstar
5EHdVixz7KVNfN5aMYS54HgCysN5D3Fh4H4trhUDVJZNzxD7	🎰 lucky
5Chg6ftNzxR8DcQr1QjbuVtJGFcJZT1cmZFvEJCs7imR2F8A	🎰 lucky
5CdHuSbprvyV3yhXQymqqpBHiPQBN4iHiGmcnRvtbpmgcYEk	🏇 astro
5ELQKoVzcbxjJrNDiwmz5D9NkKWEZvEMP9ZGpBAM3MwG4gwS	🏇 astro
5Ggn8bTfFgCAoCzxnyRSgtCzw7NrHuXQ7KVuz6niUjwS9CEE	🏇 astro
5Fuok5m94WTuCfCw4FPdAYVEMJjd6YChn9Qqy3rgSsUBYmfC	🏇 astro
5FcXMFqTtPdcnz39tJNMuXKQb1BHCs23LQnppMKNkqHdgA8K	🏇 astro
5HYd2szdEEqxp4DEaAhEcZrg8UiqfVQsAwR9DhmiKE7XCdf7	🏇 astro
5GBiJpb9SVhS4f73a7pFjXLfTG5BqpQMtHF8BukCxG1QXq4g	🏇 astro
5G4LT67FEu5C8QZVBuDpZyneAo8NuuA9by7MPCZ8cqBre3n4	🏇 astro
5E4SVaeSNEa7gdb1oErpRdT34hFkeRW5EfZVKJU7VFmRpteT	🏇 astro
5GGzj9gdKxaujokDJjUyTdxgasaBoTmbFdYiUnZmzTGsJdwm	🏇 astro
5GL8uqeMijqNjhRY7b4TGmJ4HobgbJd41cPX8zbXVpeqfyrz	🐷 piglet
5E4wuufdfpnktwHBWFigiytA5nm74F5X85h4twUbfsLHNhW8	🐷 piglet
5FseFHusNna9hvNZhjBjeCJwuEEfHCQnDeHmzSVtd9a1WCAF	🐤 bird
5H3tDM29YWMmyqWZRsTwXCj5WbgebT29NeeAf5TuewjRL78v	🐤 bird
5D7PoiLKww8LrsrhRSXZ7wRbRSqoH2Be4d7DDbjUJ8ME8zYv	🐤 bird
5Ef3AzCGpdndwr11aijYY3FujofLDCYWV8GmDuW6nmoycnj2	🐤 bird
5HKCtRC7Y8ftxKbJPKaMjyjMVER7sH3LgRFx2jWMvaeyYn5i	🐤 bird
5ECGJMncQJEkBsGhtZFTpt5NhtaXJQ4LkcQ9uoYtu9Bwm96F	🐤 bird
5EnNib2xA6Mum1MRSqP11aVFvJfRA93P7oyGXTySCrLgdgKH	🐤 bird
5HVvCcFBFQM4QCaTiN26wf5GofmGmNHioin8zbJ5SpeAW1wL	🐤 bird
5EPJPjUoJkMtgWy3V7iW95Tr4tMS3BFnvsMujmXVS2kbkGNc	🐤 bird
5DtrvKRUTCyAfnM2NtmVtMFYbKZmWVZE384HoDLVJ1ijZH1F	🐤 bird
5CJivks3hxjkMc9AdJtm5Xgki7q3KXHjpsyVawoguCbkouMe	🐤 bird
5C7t1rWbhELqWNJNrPvvxoZntd3J3WLjQZWtLP6aPaAMTMfJ	🎰 lucky
5HakZhGwZcDM4n6YrDsZ7CvdyiCeXXe7yLjX3R4bCypo7MGn	🎰 lucky
5HakZhGwZcDM4n6YrDsZ7CvdyiCeXXe7yLjX3R4bCypo7MGn	🎰 lucky
5GBUMvSv4c8W8Z3xr3fuNjRaLoGQkExCf99dULDXw7QzvcwA	🎰 lucky
5GQmBnUkUSFvjoxAbXxngWWFjDyRjoX8iPNFhcz7PtfvFzxC	🎰 lucky
5G1BGqXKir1SHQYLnuWidGjj5JxDse48VKsLtAj2tmLvLmRz	🎰 lucky
5ERU2U8FFUiRppqA9FaUtsGpsqp6ncjZVbEdwjyQviTfLJtT	🎰 lucky
5FU8d7yqbD3B6bQ7vjxtfgvmTC5Lb6TEpMMxfkdTCYE5osxV	🐉 top
5FU8d7yqbD3B6bQ7vjxtfgvmTC5Lb6TEpMMxfkdTCYE5osxV	🐉 top
5DfDndefXLJr71jnNA4EQyaTYkvhuGwMF1WWAfonutmQmZ6H	🅰️
5DhsJPXEcpBZjfyBGNCjW7P5t2B1GwR2vACbuKzm2eFdvHcM	🐉 top
5G6RW3SH2GfxpHryzJxSrS2n9jW7L5DFhi2RihhNLiw1ZZ8n	🗡 ares
5Ccrr25MnQGhhFpgBirbDXtufzJE3y3Gnyh4xBAZhtsB7czT	🦜 phoenix
5Esds79Dhax9dKQSrpvRGngN4k3tyi735SgFf8w8soUKbV9D	🦜 phoenix
5Cm4DmSMUS2jfXDXqgZWpEfz1E1eezBVGYZ1cqYtHUCRRufo	🐉 top
5EZFbAWdekkYcbX3ZXLRJ87x4fgk9Vk6FEBH9FAwQJRgRKoS	🐉 top
5ELbg98euTEZudWwTMV2AHWxh3SCUVhH293bN9YWABKzCR4Z	🐉 top
5CcEH4oMc8JLBEntA3v8MbA2ykfYAPzphKq7Wc9DDtmCo7E7	🐉 top
5GebG3w2Y7WCuUX7KhDSRZWUFQdHBAPoJBLT3tKvJ8B5Txu9	🐉 top
5Et64Sqn8jBeN1U4czxi7rWCttuCGkaqPLN1jZstSEj1BxUs	🐉 top
5Fpgzt8fhQZj1wJewkfZvbKgQAHiT6WrL9H43wbDhqQG32nT	🎯 sniper
5HED7VjEZ72NWseV6xeKTByiasNkaXmZcVSK6g7AdLrPZcZW	🎯 sniper
5HK9nF5CZsdPCoye7LegPrGfqaYjyPEuNRJMxPbRkbi35tLU	🅰️
5GsWAxSJJfyaASJx6ah7xY8uesgRbn9aUiVTBnBmfwWvBuT9	🅰️
5Hpv64UwjZMqsow8iH86C2uPtnxaVTtcVt7zXN38gcyBboEQ	🐷 piglet
5Ew2FcVNqMKoL3Pg3UFfymdf5JLHo4ekJZLA4SgCRvG782Vt	🐷 piglet
5CoSQP161WTC6iBnDVerV4HKBc22PETpNS3uhYQS3FkpZsfi	🅰️
5FWBv8e3Nyq4qNEaBCFsdkeePVHVFBarqj7CEdJVq1uMATnZ	🐉 top
5H1NxSn667DNMkYZKEYWYs1QkXjy8wgTb2vBCeEPDfeczn93	🐉 top
5HHUZsTAeCXCKMwWeVAA1F5jJzWbZJ6JAgmDpQoPo5QiGmi7	🐉 top
5CCf31dRJzeqqkpiRpuEtBLJAFkkGbkrSbJn9MVjr4d1E8gf	🐉 top
5GMz5U8EEedLCsiLXua4WDdWhs2YquiwyoUBxEM2nHVve4qv	🐉 top
5FNtRcqjmJNdsP5gTvszWkUgiowVFuHofiS8t3GhMJ7P8vYz	🐤 bird
5Cnt36oUjx9Vk7NtvqcQVfvq4g1ex2axKZfB5yi7yvuPFtA3	🐤 bird
5E57nbFr5gTJq8MuchTZ2KfEbfmvyTEbf4Rtk7xuBZF5QmoC	🐤 bird
5FUWantiyD5Ltf43iE9GqgQKRcNN3WiwT4Dq1eGK4RWhEcsg	🐤 bird
5CAGPfcjCvvdNJyqoPotRqr2WFJtX67AkrEUmTz6dNXJhveH	🐤 bird
5EPZkdH4Ha6rip4YYQyd66MKdRAx1Vdzq3nGk6mUq1CXUHiR	🐤 bird
5Ct6Fj8MnjQnerb25fzCN316xLoTeHtjFTaqvHgPGH3uDVcm	🐤 bird
5FRkXU2BzFsHVEAkurgj2GdPp3mdgssNtgKNvKQNc523vW3o	🐤 bird
5HYJDdVoNKqu5h1a1sWcXT5j8TycRTfSTrbK94aHwCAzbHYU	🐝 Kstar
5FCHaLiJF42SkcH9wwKPJpnXgz45xn8x1bK2Bs2qpcXDAWK4	🐝 Kstar
5Cu58Te1EukFMRf2GCi1yTFHhaHYc6Y7v8xDt1dWcnnntvZk	🐝 Kstar
5GbPjdjgjuWNMguxFA1aCnbjdPHntZRJMQ6mngNK4Hy2VkRQ	🐝 Kstar
5H6dR8Y3v1EyfMPNxPcgdjqt7fxmTAjYpDCLSGA8GtkFKZpJ	🐷 piglet
5E22HxHA1bx87a3SX5KU7Zs6QgXmmQjX4DCtHJfSLfAoyLVa	🐝 Kstar
5FFESmvWPnzjq5E1VUPXTpNhzQK6GRAv72AipkiVxuVo8JpD	🐝 Kstar
5FAEE6Ey6rHYaRoAxgNGrYHLpM1Yj6xcLzNEyQ784iKBc77r	🐝 Kstar
5DaAhkzKTzgsdxPAhv68PZ6YXtzmukoGHM4fXXdBwgPERWB8	🐝 Kstar
5D9eCSvvtDZMEQeKc4h13ecvfoLu6hfyj2ruyRWc7WeCmK9d	🐝 Kstar
5G4TZoCRbTqzpTkZGZ7FX1cUZA1t7tZZKzQGMq29BJNwxcGo	🎰 lucky
5CGGmszwL3QHBBFqFamJ7d4MxSkZyqxfjZK9pBSWbM7NrKuV	🎯 sniper
5Gb3kysJLgugq9SzmHYuusHrik9FG7X2nHpaPYhWb9CzFD2X	🐷 piglet
5GTG5nJ6aoP9MnqzJSZ1N1gMXng2AStxjDPAmJj9cTczzxHv	🐷 piglet
5FnRbbtfbMGowpbbMBMepJNKsGh2fNALA3QDoDBn7JrPjaDf	🗡 ares
5Hox5MdR9zaZpZ3Tmh2SNW7Jq9VEcEjo4Usm5sqRFsLbExem	🐤 bird
5FRXUqR28TquAWT9tLVTR1B6swNNNphcXtL1p8qejJJASkm2	🐤 bird
5F7UysRFVy8seTE8JxJqFGZt2VWf9fEo7c3N8cT4Y4AvTswX	🐤 bird
5FqJMtA2uR2kGwVq7MviYkbALwKAxx57X6s2HN5BpgwNNmy1	🐤 bird
5CSXts98y1hZWtyuRgUbWZowzNzXYD5GxRb2KU9dnSUZ6b6F	🐷 piglet
5EqrZWgJf2GNT3uCPYXjV2DxS83vYxyWV9AutSQGsbZmSbCg	🐷 piglet
5G6kySo471TN3iqACTnKZ9BbMGpAvvP74ku84xEP8oPixMsG	🐤 bird
5FxeyFpRXbJstSaiu4MYKDA2RdWFRTSsVNdAYCak6QZgnFLn	🐤 bird
5GnAWU9oN1vhoDdDW5u3SJk75ZCkKxM3vFBmCJa77nnfp2rh	🐤 bird
5D7SYn98NxSz5MyZBboJGrPX8TFcXuFRnpHPqfxoHWurPngH	🐤 bird
5HB9Vst4h7eURYKaRVJBtf1FcsULSThtLeAiHN77UxFVoJp9	🎰 lucky
5GbJ6Ef3wNAg88QPwy8t6qvsYJ9tnWj6oX7htE8ToyPMY2Rr	🎰 lucky
5E7wEr38F2Ei4qC261dFyPGVUNjMF4XPLWVHBEZm4NDSAZaL	🎰 lucky
5DWhp8cUEr9JWpuJYukGHH6o4vtRGTQFJtUxrjZX3nNCRbi9	🐉 top
5EpkPTpmPNBscZ9NoErRvaicrjnnTe1DBMBn4cUFA8qvjvUv	🐉 top
5E1hqcJKMVcxiPEZYRZ8mc4XkwpWWF6PLQ8zhQyMJTTSqoDx	🐉 top
5FURWThdYSQCf7pJxizWQaBqgW26QiqVKuiVoocC4QS1GqYw	🐉 top
5Dq9dEf1ZS6MeZLTkH7cBgZxB4wn6pXWmrU6wg3ikVMV3G3V	🏇 astro
5ExdLQFdWqzLuzcaLgASnWdM7jtnyskv8dVjPWi49pj3WW6Q	🏇 astro
5DF7xbKggx8nWF1VA9zVcL77pMUXKfSwWeWxMdWpneVGdcMy	🅰️
5FustLkwAZBRtYXL4GakwN5DNEMaWK5GpCHZUqDyyb1cQZ9K	1️⃣8️⃣0️⃣3️⃣
5DZn6ojgiPPqfbq85jZHCvReUL2bJm85SNiVC8Wd4vQbrXTz	1️⃣8️⃣0️⃣3️⃣
5CGBCnNP2M2NYo35WmWpxYYLeDn2jUgWPgjuFEtGASSAZwn8	1️⃣8️⃣0️⃣3️⃣
5GTKvxhKsPhpCnu9713YX9nZVjCV9NMdCBBsnePjZK9LPH18	🐤 bird
5D2fgh9yWTsjZHT5KM8paatzur1VobwnsBCdsCwTUD4Ri4ev	🐤 bird
5CSuEYryQVvsk7rAjMF12ihxwWEoHBoy45kWWbuu2QG61Nma	🐤 bird
5FsSXRDioNUw8Zo6uEZB3viCLZDPaHG4hBUBLcm1w7k4gNVK	🐤 bird
5CyZrBoPKhvBmqgJgzRLsDCoUzPX6DMQ4H7eRCfEYDfeh7r7	🐤 bird
5ECcmcJuANLTNw9HTvmWe3PWH2zRUf2DMYerECciZ8twNyu3	🐤 bird
5Ev1sGqNNtKcYTr4ymBDqAFsoi4MXqksawDWk4WjwoUgkXow	🐷 piglet
5GC8M4ohpWCqjLB1682LKHfonAW3iFZAtEEZbeNiwuRwxjEq	🐷 piglet
5FhFsxVcdm1HmpMmB3iMR7R7PqMp5cvhfa9u23ctPPxeoYcN	🐤 bird
5C5X4zSAVZdoqzymA5Pkq7XTQUBzVL7giZk8iDK5w5mTX7p8	🎯 sniper
5HMvg7eCDFyEuh2ZSwX24QvYtj42e8AbcPzZQdKoLDaPqbQW	🎯 sniper
5CUyMSrBA75XmfDPtKJw3CWfaZbu9gkDfT43Xuq7BL6y9LPk	🎯 sniper
5FEJzpvjSmtsPDQaH2FqCVMEi9LkoJrpuMNphc9axqVcD2RB	🎯 sniper
5HE1ygPoZQtQ6R5CBizNVcaszDG5sbrBBQiR3isj9x1NEku7	🎯 sniper
5HJyGs6SpFRXGV12k31hXnk7CHji3mx3E7FQFcw17ZbjBCpJ	🎯 sniper
5DExfczwfLgztiLAo22nXPssbwUDUq5pjD9jSpxG6CY1LJVF	🎯 sniper
5CcyFmoSdw4Rnx1UNEkbYwUgSndmcVMgo8uanMVEHGyX8mto	🎯 sniper
5DZhppHSJcH3UEGc2RvBHNQciWNoCxsVQTZzZKPD19aVcmpA	🎯 sniper
5F7dms4TaEhYGwqYXzNNSZkupfmVynwnAtxvkQn5vNoVyZtz	🎯 sniper
5GT7ThBh9GAvL2Gw89oMVDV7NyZevm1vm25oDTKSLE6Ns7Ec	🎯 sniper
5EsPWaMkjHkr9QcE7QYgVVWjQ3e1z2tjewzNgfLsWBaKHbUW	🎯 sniper
5EWhaFxarUJ1XfRpMJ4hzQT9aog3KRRPW1ysReocsdxsCFJb	🎯 sniper
5DMC9XoJgNc32uNVko3FymwoUZd87RyM1hd4GgVPAVbzAbqe	🎯 sniper
5EWWNSxk583SRonz2UPLZk5zWDxEg8XsaLBpZTdyCkv2zL7f	🏇 astro
5G9VzmC4wbPkpR3Mjv3khpkcW9NsJFqsS7fMTHhjaGq8RLT6	🏇 astro
5EHZZhN2gsbFBP19vwSiAYFvr1EDP7YH6zgom89QFn7wku67	🏇 astro
5FZ7w1FiiSHabbBfs7GAygziyib7FM4oVy4crfu139MjKe9C	🎰 lucky
5EP3b92XJpUQmLtMtVWpZ49U2cWDPATK6Zr5i9XdDCy5RTi4	🐤 bird
5F2MtwAWS4QPCNfvt567nVSPURms4mK4XDhemkqEsMBh6cdi	🎰 lucky
5FNaF1GQNkhhiDnhz5yq5dwUvcjs7ovt9N8mzNeQanDqaCm4	🎰 lucky
5Hmf6pT9XfmhXKG8CFbqxPcfUaE124mDGFntiZoTxPxgasFM	🎰 lucky
5Dt6wWxEfBeYFFnNV9EmFN64C4bYTkrdmHXtefHPAJ6gfHX9	🎰 lucky
5GbJVAqJ4qrGmYVSRkBfRguc4okMRe2Z3N7NLfrutycj6HuV	🅰️
5Do3QCCG9JuTaXuRBmAyg7ds1dEYJugtKo1f4WSkegGoVPn9	🐷 piglet
5FsknaxKWA6VxGpPXsLwUBvWieUufscuRQEVUpoxZcFkTcMH	🐂 ox
5Dy7Jo3BtyYo8HGkbLsLTYjrUhsz8dypEdMgrKwpu4MxprrZ	🏇 astro
5EquygRZTteAmFFLREgq762XZVh74R719sqeUdMCHLiRf6YC	🐂 ox
5ETvB5Fk45Yh2ycZHYGtZwE66yTK8e82FSYPRHEESAYt7Ytk	🐤 bird
5DAWztfEye6tSfDCHXPxyKTzkUrreegY8r7hRyfx1qr2EBLk	🐤 bird
5HWYMwgPcQdSocPNANtPX3EZQxJeGn1rsxvbLbpQQL8PJ5cY	🐤 bird
5DM53tdUJeVRMbzCkAkDTAeCrw5nMuRbY1nBqkvu26faKCLX	🐤 bird
5ED3jdmdrSSRNGY4du5H2QhEK8JrCWmCnSFH3UzuXuSZyL3k	🐂 ox
5HL6rAexuVG3hHrdF7eVDdzxQkmj5rrF2xV4AXAZod2tVicV	🐂 ox
5GED4wfnHz23w7K8u3udvNBpoDHrTaxkUVfQ3jxbY7MKusKp	🐂 ox
5HGmfigWzaAxVvtaE6weK4Q2SKnhZpTNY1N7ohjEAaUC1tHu	🐤 bird
5FvEkWbrmjNnuUnJB9ezus8AP8NBm42ZGW2VqP9WEX1S6FHz	🐤 bird
5HSxz3J4kqJaiswvYmsPNTJ3baxia2ZuHGCdPjJL6riRZcFu	🐤 bird
5CPf4dH2Lf3cDiCRGp8FMwP4pyv5iE1r4Z9kiggwppsKSWUo	🐤 bird
5GjXxiCo9RwuSk3YA9xsmUMHjocvVu7Ad3384iSP2R2djLL2	🐤 bird
5EUBisdWGFuQcf5Q4fD3w8foTmddXKsNiioovYQ5YMu8tHNB	🐤 bird
5GaxCi6Jmfc6raV8zYjgq27uQ9v851eGcZrNpVE98YaKohJB	🐤 bird
5Fs8tehk4vkNgQkg5csEA3dj6SMoz34t4YDjS5ojjrFDwxrL	🐤 bird
5G7BBS4Qo7Cu6T6tDDuDygJcvqULRkasDDeFHaryvy3ZTnQc	🐉 top
5ENTEjk6sZAUYW1CxtRS1ofY7dvtN9CZzuPQc6tsUiSq31eP	🐉 top
5FLLQaB7xMBQjxwz6CCCiuNdtc7mhLkbgqRHdhDB7CVSmDi1	🎰 lucky
5D72DU3bySKmX8cZnuA8c1HbjVhReaL4roVkP9EfBhKzqcyt	🎰 lucky
5EpiLv4U1J9DexecJsgNpehz9H8gewrRCN5jQbth3utDEmuP	🎰 lucky
5G4iSuAZTEeMBJh3MWC9fa9iZm5hcHhzDPf85KnH1vUa5bpF	🎰 lucky
5CJAW4c47xzGJpA8Ly2EJV2G4QAzLA7DnnvrneY2bE2qqgWv	🎰 lucky
5EEu6WmXECjnrs3V4QND4p6rX2S9ubkiyYXETt2GUQf2UUnH	🎰 lucky
5GTQuc2YsW4Afx1SG4VcSnsnzUdiHnrZa9HAJqnooBZYTBNS	🎰 lucky
5Ejie2JefA1fcEubS4mdVtyGW5kXDEuejA3YpNVac5dCtETQ	🎰 lucky
5Ft28gKpKq5YakLVh79RX1qD59Dv3wFmvR3zsRBUg33k1bR7	🎰 lucky
5CCjfZb69XVWEyCPMyC11LzzLmxhp2bZRBP4ugXLcK6vGAfD	🐉 top
5Do3SGfEkioWnKLLh7CLASivEArhoqJWVp2AvTckmq4mecpA	🐉 top
5HEXxoyUYeYMeQ8MJ8EeERFDffaKpdXCMAJkayXak9cRYbAz	🐉 top
5H3rSu9yYo1ffNceUwyc2SVMPk9raaUiCsagUDcRC4m5SsTn	🐉 top
5DFtaVc2PPVty6cHZ4NpMqmoXMVpLASaumVNPM2RrLnrqviq	🐉 top
5EbwSNZj9sauj8NqHuB1ZJYMH64dvuVX18kLXB9QCM2nPyPb	🐉 top
5FFBEaU9XFdEo1otVdR9ib221hS8N6vt3gEnxe7NjRAa7c3D	🐝 Kstar
5H4NGqSTkCeLktagVXRC7Tharpsirhpi4Xf6eABXRdz1aAuS	🐝 Kstar
5DaAhkzKTzgsdxPAhv68PZ6YXtzmukoGHM4fXXdBwgPERWB8	🐝 Kstar
5FAEE6Ey6rHYaRoAxgNGrYHLpM1Yj6xcLzNEyQ784iKBc77r	🐝 Kstar
5GNmpr8mEGcS2GHuLuPa1Qp6EKvrervH3RXwoVAH133uNnEi	🐤 bird
5HbAXzSyauDC3XyectQ4k832VNMQW6Mu1v6iWz3zdNpwiunT	🐤 bird
5GHGSPn2S2tu96Hxb3UC9zLapQY5o2BYLJjPDPaTxYiQHVmD	🐤 bird
5H8zoCCNGGRsdSSNXmgKyab2bnu33NRzEUppEQmUtyfXgYXV	🐤 bird
5G9ozQHMiwGGna5sfurxRxSbi5Br14UwK17j7pCi27oGeNjk	🐤 bird
5DtgvSTMQHF5en8MxgjcR3B5wsvhCtCEVgqyWTAophD6MNAY	🐤 bird
5HKKD5mz1SDy4b5XLrKjARkwTbFm3azbMBkvZrYYLrVuNGXi	🐤 bird
5DkSkzCuQApqjfx7bqVewGbrPaBirKav9iMdF6hkAHu92uUa	🐤 bird
5GTHQzqvYLm8Txc88ckcitLP2FXswdWKxDtFjzPGxCx3nhVa	🐤 bird
5HDwdQ57dKpxuL1LSiFM88adtBCp6LAgS7muBaSRa3R3m58M	🐤 bird
5D51Mx7HBJay3JbYSiEtz3XLikd9PdbMpiXnQfTdzfRa3zS8	🐤 bird
5CoLx9DwdQBAV1p9bJtMf6u61UowZVAGaCNfUBbkMwdk1YwX	🐤 bird
5GbAs1ugPJejtmsFdrtvdu45R1aZz2jHWqeoNaiMiNQ7ZDTQ	🐤 bird
5Co66EPAP8U5KXh4wA69A7oMyBFiknD6Y4a6BXrQpwYdj1Rd	🅰️
5DRZ4nxZsM7JzZR6X53WY9qjb4gAYehsLz5K3Ya8KiSdG1tp	🅰️
5E55L71XoogxYmdfnBGu33u2ybw2CZ8NuyZyjCK2pzGTU2aX	🅰️
5G7BBS4Qo7Cu6T6tDDuDygJcvqULRkasDDeFHaryvy3ZTnQc	🐉 top
5GmkHKjbfzMXPk4sbBWXefuoZvZFdwUtZheakWkd1wUvMTD2	🐉 top
5F4tZrfx2YEtTTrKZuQqjAj38oVmL24MM4X642Xo1KssDZXH	🐉 top
5DUxqtnxVZuGEaAubqrKEeUzNrLkd6vqx2VKATPsXKko8Kzr	🎰 lucky
5GEgEr3nY2j6KPmAYcjYnY15wTkEcszFcHnLaBeqQnHgNkFn	🎰 lucky
5F6aZHgSoyhSVEtxzyU1igooUXT4dkWDiceZTUB4L1VdtrER	🎰 lucky
5F9zuPVTVv2QSr5PZZXo9Xkr2auxf7MvDsVjex69iu3UWPHA	🎰 lucky
5FsxULPzec8KYzf946C246KdUpUFgUD2DjzxXg77N2LxejV4	🎰 lucky
5G1BQt2xktF3NTdh7cGbXvAYMFPtxcLibCtVwv4GmVxzh8FG	🎰 lucky
5FxpihSeCPkBY7ufv8JFBWehKdBKkb5c8oKKn7K3AWHeUyFq	🎰 lucky
5EAUSVppHyyP6U44p3rg5p7ZoqhoXtr2UzUPAY8mfj4SZB5j	🎰 lucky
5DhAyBX4WMT6152yxqdHFBb8SWAxNQkBjEmRjVZXvebYxbwh	🎰 lucky
5GejcNRjD7KNLgJeXypMxNhHPzuCtnobH3TUuJe4pivfPnBN	🎰 lucky
5ETooPZyrVjkWmQRu4NXhMnHzrqXdEfNz3sLKu1FLjkSA5w7	🎰 lucky
5HQEewEjKj9hJ8wo79NU7WmoFctfPqBCjaYQgLV3riNxYHsP	🎰 lucky
5E2fPPURtihaRRboizrQDfdnhd2Uc3HcA89N2JW1k2brRpMS	🎰 lucky
5EgrbfhZaSjGoviNV7mXSUjjfo3uTzDGqw8nrSVuSXAfHfoi	🎰 lucky
5DfTFxJqZFpJjW8JmSEdjRkqyMTF6zGKLBYXKdXLnPELM3pd	🎰 lucky
5HjRKY2WuQra15wbkqEbsD2Eh96rmpxerocfLkUWftZbynDC	🐤 bird
5GCSNXCBd598CcC1qGwU72hZZrSJPQa6iN8AHwAwTCQMuhVA	🐤 bird
5E4CQo14LKrkmffNGk3ZLPCMVXjhGGj6gF6bQ2qojSA6gKy7	🐤 bird
5DyUtRapuGLuZWrRsacfRQG86U3MHzSDmKUfVzA45hrbr6sh	🐤 bird
5GEvMkHRmJMQF5UgVyPC8L7oYunANcoSfoGQzFXpWnp3sN66	🐤 bird
5CQ7Eon6zLJWQcmqHYvcbaLvcs8JcfKYLvHbTS2rBxkHLCd8	🐤 bird
5EhDJnFKLprdwJ49ADKkUCi2FehnqZUTEGE5RuQsYy7Lragc	🐤 bird
5CkKCsu7kAVUt5t3ycoY6GjEpXAHyspgbqcFfN9W2MgRgETA	🐤 bird
5EhReme6iEUeLdF6GbrHRY2qabKWWao9BPA6piWTGLKaKKM6	🐤 bird
5CXAFzWAktuZ75ic1KDkByCRWCh8ppQ177ZBdmo5texrX8uY	🐤 bird
5GzvaUrXXKtg7cVHwMCpEpaZ5v17Bsjj9aYZF561uKEAvXF4	🐤 bird
5DyNwEbahnWQfYR9aLcbmBFD7u1BZXPzysm5R7wiPiCLgPKw	🐉 top
5EedEW5UaBEChvkc9avDsRVDNaKiqsLdD5Pw6y3FATXdJJcK	🐉 top
5FFPWbrh4g53AFASy1ex7nL9mn5AoMw6xCnG9Tpo6k3tdDML	🎰 lucky
5Esziybg9f1nGAVgZJjvHXHy341EfkF2Yfk2piShbpvRfMAX	🐷 piglet
5Djx4fvHaXqfFozaHDxHrkkVuiKAqBJQv3nZZRxy1gXVj8uf	🐷 piglet
5DksoHRTg8vdcJu5jaqbk8fbfgosmVgkySwVUYd1zMfLe9o6	🐉 top
5Hn1UjkTUCc9wiQb8qgvb232xLavAG9uKacxRCGwAHNbnmQs	🐉 top
5CFcnrbfRfhw8HRRRqhDYnLYt3kye819RWJwWSTQtPXkz25w	🐉 top
5HZ7rxiWYcAZ4dBy9jRqemEADwLn7nyryAx3FKdMyMV7ceYd	🐂 ox
5FhAQLAcMmDxPHJJZNwwsTBWhKa8yQWk4Vhjj3qxz4SZK1FH	🎯 sniper
5D7mYaTb7pGDVnjW2iSPJoQuYYbTsiFRkfMmv3RDfeU9kUWW	🗡 ares
5HNL7mV8VXggRrSrfEsHh9qHF2jEhwuEU2CdQtL8Zj6o2rbn	🐂 ox
5CwftHP8CVtXvXdTTy8JS5UXoYBfjPFMAzHBV5tCCtVQuRee	🎰 lucky
5G14r6Abz9nBnn6UpZEQpKiUasCiDNU35rC7C2gYcK9UnwuE	🎰 lucky
5GCWd8ZoSM2jNrXzZa4JxmqVcTUMSFHq23TW7BqJr3TgQ18W	🎰 lucky
5DFpCLDFzBHrnXnc6nux9N92Rf69eqDByWCgot1YSNzEeCAy	🐂 ox
5G9vCz3ZDXqNLPReYmzXuNn1CxinEeiSp5P4tv2zGzt6nXxY	🐝 Kstar
5CSNpWzGJZVJKUFyTuJPuuG4fovaNyG5KwHv5dcqFhwv7fQj	🐝 Kstar
5HMhg8DNpHeH7Q5tiahiXRFBReydzDMtpKrQbbhDo4H64joC	🎯 sniper
5DAYfSw8yrHnYCaj7TRwsUGC3k5Jd8bcvoR6vcm3WC54HYaQ	🎯 sniper
5DLRiRjhsWvre1cE6gCY6mJowieJWqeZQjKvCShPSS3ppjEt	🎯 sniper
5EoKwM8nUfgLaUFdoDkVpFhsKdNxQ4ZaVQk3ckhC6QSH81h4	🎯 sniper
5GHkszbr3Svqh8iuPMNhZeo38URZYm5Bd4isCCy3fENTuagF	🎯 sniper
5FCRGjNaYZAZeiQCW4Lg86TwpuQEcnX97KfdEHF4dpHykRfJ	🎯 sniper
5EWcVApxw6mdHdVJFW16uwJpQZkxp1XkfDemgoiSn3LQfbkm	🎯 sniper
5Gjxmnchvd32WdnDXgsd6rttCUVEM746XNoMVNazjBfqJHhJ	🎯 sniper
5CfEbvGbc5RtY6CrRpvKTf36Vbs6Wsyub7Yimk4sC7qURtoJ	🎯 sniper
5HNq3ave2HLkbcBB5kqESWdEYwm3hjd4FjpN6zvRt46C1zww	🎯 sniper
5Gx3ruTCj841ounRHLnDwZSHqn76386GbYJ8jHwajzcpoy7L	🎯 sniper
5EenFXSq6TLCzFMttmxhh5ay9ivn2iHJv72hkPytSsmAz7eg	🎯 sniper
5EkD3ghD25vXccgdLbkbGZx6Y8hdvXXju8QTetHjZpzk3Fss	🎯 sniper
5HYobaGnRrtYaEryq3jSHVVTSfeRNwP3AoH1niz22SmD2p6z	🎯 sniper
5HGqc9myzePygFmL4BVNWQd1W67aAHLb8HLpWPw7A6NoVE17	🎯 sniper
5GTqKGY67Lm1Xu2TZHynj9BU9HyCNfZjWprU4GKqHdryd78S	🎯 sniper
5DwJof5uYQY8Zc2x9ewARKBqoAA3peo7z6T7pn2f9dfy9pRz	🎯 sniper
5ELxGr4ckMeUZrCA6DZC1XsvCc3smNwpaRDXyTppsvxke1ZT	🎯 sniper
5DAYfSw8yrHnYCaj7TRwsUGC3k5Jd8bcvoR6vcm3WC54HYaQ	🎯 sniper
5E9PZPFj1xfL41E2ekhGwsVt1AT3usajgfTM5WWSNg4wJTAA	🎯 sniper
5DCQsSf1RpxussoSAfDizpQ5F4azwM6P4SffZryYke8K9woM	🎯 sniper
5DbwS5Z5TMxMygCEGGZAXFgpX8GKFULbvZzBiXZcqQv6JMpK	🎯 sniper
5Ew5s7PTn7iv6jizdWqgMCQjvAJXm8xfP1J1vuuE4bFfb4zu	🎯 sniper
5CcHg1ViMJZY87cdT3iPCia6TCZ1NadwZ77SLRPjJRdYpRdF	🎯 sniper
5FKX8AzUdqX1LWozrsYmbbNZGHzcvAR9zrQJwR583vWrVMnR	🎯 sniper
5EJGvWMVtxvbaAGDhsfdriFKrBJiNv7XH6xPAh8DmNh1peHy	🎯 sniper
5DNqEmsTwbmkJMMFVCY9KtAbKimGnELktFCQ8e9X5BJZGHG1	🎯 sniper
5FCWCiNcJqhgcXgstgZrY3ELe5KgERHjcaHutJa74rghoHPF	🎯 sniper
5CDABtrQT1w2bTfRkFpxFw2vnqRJjryCxx68jP5yt8cSi5Dw	🎯 sniper
5ERdpHhd4kG4oQBKUuMHuMfDPKoip2edPDnU5oTQTk9CkDW6	🎯 sniper
5GnQn4QNfv9CtaUyjTkspSj8rzGiAQUjEATqPsH4TUdFJatV	🎯 sniper
5C4vjRphkygdUrwVADU75WNRQpTGD9mBPEsQ65RSPQeEZCNB	🎯 sniper
5CUSJTP9wv9kMePbyKM78jxCAx7ewQ3FSD9moCciiS6vX2t3	🎯 sniper
5Gq8sWydPRtQTV1ZpTC7SbH1HqYroT4CbJs2vUkQ5cCsT8bF	🎯 sniper
5FhAQLAcMmDxPHJJZNwwsTBWhKa8yQWk4Vhjj3qxz4SZK1FH	🎯 sniper
5DXEJKpyAg5dr58B7dtHWYjWTScMoRVwQXcnTJFwcBhTJez3	🎯 sniper
5DPASF6wMBBVmTDZn7rR4stzq7RtM5ajm5dQYwVi7Zf3NGJL	🐉 top
5CXeGNGf2QFNhCodHpfPDpxRwTELG41dh4Vd2cHcvxDDrSzj	🐉 top
5CcTaRErTqiWdwfAzqDNN4Bw7AmR8jN958jimNoCdMGoLQQi	🐉 top
5HpKiidRMhNWebsLhVDxkaW1CbCBaZHVfXSCFXfF6c7ugJ1w	🐝 Kstar
5DFpCLDFzBHrnXnc6nux9N92Rf69eqDByWCgot1YSNzEeCAy	🐂 ox
5Eq3TUReysApnf7aPwKWtMb5YCLa4XbSSUY7GWz2TukGVuGc	🐂 ox
5Fn11H51HynrUvGTN4nvUp7tE5guwoSW5q5Lsa9aePrLa1X4	🐉 top
5GZAAUF2bQriZRSdRTJXyfL55eYdcqr6TQMkdhSUS2EF1oN1	🐉 top
5GF2XMAzZV3X5fYi9sVCaiVsRJ4c4R7wTBAJAFE27TftY2Np	🐂 ox
5D814kJ1u6AtdXLuGLUV9gyG1XAMFB777NWUc4hNx9gnP3Dn	🐂 ox
5Cz2TeMgUvbok5Kf2PkCFTqQF1AsCG9XpP7twG2zB5YKYnYY	🎯 sniper
5F1AEZkautmzLmxyArkR8viPoJSqTqZjuJnFk7ic1xkY9Ti9	🎰 lucky
5HT1kxWtaDZPGjPywbkEHC3Ae6gdZc1ev7gUWhXFJTcnpZqu	1️⃣8️⃣0️⃣3️⃣
5HmXYg9XgzCiAanqmpidkRsjCpAYzTP8qajsBsa5tP9fhEfV	1️⃣8️⃣0️⃣3️⃣
5Cfif1GSPhEioxP4tuFPf6NubA26WMAyYdX2RtsYym8sn5Du	1️⃣8️⃣0️⃣3️⃣
5ERLSCsgHMDUK2YroYiUN4EDiojWE5Ai7yKSF4hVsYp4uqVW	🗡 ares
5CPMAKjagmNnXqUSGcw6Mu864YohnWdVRoEFRZSH3ycJD27u	🏇 astro
5DhwneYn7mNgTZStfXx8MmZVUDYFv7NZN9znia2NwDSuyf9H	🎰 lucky
5Ev53ZzoKRzsGp9T69tdT1E957FiC2nA2AjtsK1vEjXBiEJq	🎰 lucky
5E48HCKytMU8oJG3oEw5ZJbjEPbbyEnYJFGRCtmHvMohVexV	🎰 lucky
5HY6fhRxtWSPjMmQUfmBc3ve7p3txZ89oMHkcrkKoa945YwB	🎰 lucky
5F1AEZkautmzLmxyArkR8viPoJSqTqZjuJnFk7ic1xkY9Ti9	🎰 lucky
5DhpJmQSpDhhDVD4HmRoLA8vd4BuNVMjzmxDsokp74Mt6mXv	🐂 ox
5EF9E7kVMMRuDe9jRwwfEn87NyWqngBmiZPbURwb8xyA4MQs	🐂 ox
5GjC22ewx1dFjmVytYVWYYV9GPEgBw8at1cYU9uXFhTjuBpr	🗡 ares
5EZmx8d7nMheqZsvkRGUrUkVRmgiWvgwDsh7as4jgHtuLGb3	🐉 top
5GyDm4H1o3g4xij6Z9bhWvZDWneR6PeWS9mZ1qhL288KRWZ7	🎯 sniper
5GHCCZiFYbvutDvzQBYgFSQwvRW1YTCizKUhXekr6kw66rHh	🎯 sniper
5FYkZqPHbykiy7sXj5pe5ixz4xcBYfnFiJQmBGhtjFfrz6Si	🦜 phoenix
5EDCkkPupdaEYBijrzbju6L3h2PA9NHde7TdAVspU5wnRD5f	🐝 Kstar
5G75LSRrrvn49Swza85a1nEZNPJ7ajhbTiji5gYnTE6mYgBn	🐂 ox
5CALCiBR7feQBiBjW4Dk1XSq6UGtFzB1zXZRF4cT4s385z36	🐝 Kstar
5E2iJez2qm3vQerKwRjH7NchvaR8zQkVVKgd8MeYMK34R9SJ	🐝 Kstar
5GHNHnfLaXPZ3fJw2F58Bvb4U1TScW1jd4evRRwYRcPwyshi	🐤 bird
5D88qs6nbBDNb6QWXG4epMLV9jWZWPxTd7piBiMyQ9wnDrKP	🐤 bird
5Dq4kRB56FiM9rDhTQouZ6tnwE2x5tmsed53KaGMK67nH4Pm	🐤 bird
5FzsJ53aws5ZMw2CkMQ5cYiyL2QFYyKdw1MybDbt5Da4NvL1	🏇 astro
5CcS2fLvcUG8motZxJa15FfHF74w6TAjXLkm9DQer4DbNooR	🏇 astro
5DAFrKcV4BVk8Rt4jZ3u5TdFjixGJDzF2RDXqXBzPX2WRorx	🏇 astro
5FYhg1YjdPudouTyLjkZQk1BcrTmyeoxnqBL1mLzTT2Hu4KE	🏇 astro
5Dcwxgpr314b5ftDhSJgCfrMCqUhkjNd3S7tXeYwD4UPNtMs	🏇 astro
5EncjMdLzvioHyF5RCYyz4tHR5dKQFFZoMLFgFXSX9kojh2M	🏇 astro
5GYWbR8dtULPmRTYHS4yCrSXTr8jhWiA6CZDpTqV8mrZ1zyV	🏇 astro
5GuSdTDcmusfwCEaku3ytrMDtsyEfmCzYyrcpoU51m3Gb9HT	🏇 astro
5G6swqcEiatrUqAKikKQgG7UxtiuT97eDMGUeKLfK2jxqgWJ	🏇 astro
5GxQb86JciP2kos8WTGyFc6PkJd7nzr8UXgPsManYwxZTiHp	🏇 astro
5HSzqWQVivVcxtWVR9Fexv9rydmCjABatdWK9GDiXzFZ82xj	🐉 top
5FKeVMNHBSzKMY5q5BxcwQTT5qgbKoYFM2WuM17PDi8dh1QM	🐉 top
5FTzoWSdxeAU37HoWj9NMTXwJNQTqtehVqwQV9PCmoLr2hqJ	🐉 top
5Cz2TeMgUvbok5Kf2PkCFTqQF1AsCG9XpP7twG2zB5YKYnYY	🎯 sniper
5GpJiZ6SYmeyHrzZVGWNpjoqTb4Nbxo7tVPrNLEdjXUBmdsZ	🐂 ox
5Hiiehw2JcCB6NfLPTdn1B9D7QQE6UU4KCDfctdzYgjytQny	🎯 sniper
5ERRcQeenmur6Lrqas5qNpey911RpAPsiwHhbEALDijan8Nt	🐉 top
5Gq6CuhsWTsCrBCGRz4M4ViFaa8kZ91jYgP8NSjDqPqYBVsT	🗡 ares
5HdQ193RgW66HFdtEicDpUFBEuPeDaYvB4tq36tjXNbE7V8u	🎰 lucky
5GNBDWYHnWRPWxnz1wRHVDuLNRBBYoGpvBenqzsLcbVsHXiW	🎰 lucky
5Cou6NzDUuFTEBAxjhCLR1qQw9CLNuq6VqkTy7VPhrLoNQpd	🌴 G8
5Co4eYm8hnQLYHqpcj2ajpAejcp76eusrYb3PYLa43yH35XK	🌴 G8
5HEa8Mxs9UBytV1AuCg4pk3t3Z1zmzMyww24pjzBJPsbZ1rB	🌴 G8
5CD3CkB28iABABietyJgwNLELujmYjoRtUXjPVwARaUtfdEW	🌴 G8
5EqYWb3TmdT97hnegB3mL2FiBvpSKFewTXgfxivRNVv8McUc	🌴 G8
5D7X51PsBdWCCsGPeUErHKZdi7JzBWXE6dPn3uC7TurHaURr	🌴 G8
5FRyBdp89ut62aY4n8ci9Uq3EsV1W3Rma1bfUw9GUKwG2Mgj	🗡 ares
5F6a9E9jH2wQzJms27cgSA5xKngcrf1h9xhpyxffxbovx5g9	🌴 G8
5GnfPX7XfJsg1dhpY7iUgaPGvL4TWBVUD5FAvdg6fpE9BmxE	🌴 G8
5DLJj8VpoCYtph2E5ZYAg8WSSPgUEv9b8p2AKcBC2ZZkVBV7	🌴 G8
5HH135eHJC94A9HxftTvDeSP2jrV4sFusTjt9G4o4xXPhBzw	🌴 G8
5DFQfXrjnZNe2p77vDeZkgvcjR2MaZsMUiKWaPH5AzBZNCRJ	🌴 G8
5Hpp3vCDvrDGhmjNNSuoWth1q1NjonRZd7BTE1dk3AwTU1Bt	⚽️ jong
5D5GKXnQ2pa3ihTLBoQRxgsYgvRLMabwUdiRvciYi9HLryhk	⚽️ jong
5Hpp3vCDvrDGhmjNNSuoWth1q1NjonRZd7BTE1dk3AwTU1Bt	⚽️ jong
5DqwXbXUKjmNqYc5PF5KajyP6hv1DKcRW7717kbt6B2EiLSN	🌴 G8
5GTMNSXTjPaJFwoJYoqNFrs9MSQNWpa7GEadyQc8JnAiyuMb	🐉 top
5GTMNSXTjPaJFwoJYoqNFrs9MSQNWpa7GEadyQc8JnAiyuMb	🐉 top
5FpeLiD61RhBJa1t6t5jSSH5mnkVWTWK87fMmYPWbya5RBaL	🐉 top
5FpeLiD61RhBJa1t6t5jSSH5mnkVWTWK87fMmYPWbya5RBaL	🐉 top
5FPDrz9fQWJX7mRLomjjyT22K4Le41q2VDWZfsg4EVncy9xX	🐉 top
5FPDrz9fQWJX7mRLomjjyT22K4Le41q2VDWZfsg4EVncy9xX	🐉 top
5G8zgsssLN5LztigbE4uhp8NuvSqU3sNH9Tgc8hyHseszkA7	🏙 jang
5F1jVLhc5GQVec6dFDYnbrF6UBGgpsZ3x3CubVNztDfkEa1A	🏙 jang
5CthKYKmfP8pVAiVxnjTM2c858BtEmqLNo9QyQVAxq8bYA3X	🏙 jang
5DcQVyz4LKhMT5A8UYkwyz8Hc68BaMEiyFLYf5mBL5duQaPU	🏙 jang
5F7fx9n9FM8P9BZzWDXz5QbW677HumkjBMbc2Q98jqsLAhnC	🏙 jang
5FLAmzZ582jS1sXm4dwRw3SJgt9sgiYjzRi1aSX4UVNHpDxP	🌴 G8
5CrEbnLuEZwVmyfWoqembbnu3RgSRN5vo9jV3HsZDUd3YRm9	🌴 G8
5F9zDjpEGihjhdds2YE8EcKjzWJzrHRqWGExzJNJ2vZyzwGQ	🌴 G8
5GTqsguzvXfStnTnLVd8mabw6Zc9HGgNfXzctsoc7MrgtqGw	🐝 Kstar
5C5o3dehqyT4tHKaykm32V2cAjFQ6HhREcRwizbeJSXthzkA	🌴 G8
5GxesxecHg6sN3mTXsPvGaNbTrkxrG944wAmfTu1DwpGLzpR	🌴 G8
5Fnp8zHtDc786XF7jt7FVbyPRde22gNTFwh4fD69Yj7GWW89	⚽️ jong
5CAk2CpAW23XndMpGmLWKnev7Q32iKhjHVQ5MYNKNQuU1F4s	🐉 top
5CSoHSoSf28dMJSxStW4oCnvxkKxSheNV2FmTEZbJoeqjUj8	🐉 top
5GNQqAqww3ED4X1ey3NCrmLiuKMuMbVDrsW5RJteo3quYTpn	🌴 G8
5GjYyaPrNkZR3D7u13jX1CqgFk9dUJkMDtpv5p1o7qYgybEW	🌴 G8
5Gc1yhoL4qNiF4SWogAGZsam8muSXZwHpJeFnnfUU3stpxd9	🌴 G8
5C5RDH5x7XZysfn5MDckdZEpY3Vw3Krca6WUCEjhBAAFmTAf	🐉 top
5CXAFzWAktuZ75ic1KDkByCRWCh8ppQ177ZBdmo5texrX8uY	🐤 bird
5GzvaUrXXKtg7cVHwMCpEpaZ5v17Bsjj9aYZF561uKEAvXF4	🐤 bird
5CGEwZqHES2uCaNV9nqeqJ6oPQfsx1q3xhfJbnEWAFf5sDqX	🐤 bird
5ChfoNyQujKPohr9WJSXFkeCC4ohhuggcfqryhmTmmcAvq3Q	🐤 bird
5FqcWLSm4Y7jNsfniiSETvRchze7u4pa3S7Ak4MFdYJr8QFd	🐝 Kstar
5FTUQsWPjEWdutLucLyrrHEPMCpYHSFcpQSuCEFXu5wjJ9wZ	🐝 Kstar
5DRYKM8zztWuvzWFEPfn9x3FzcM3LAXohAgwygPKzH6Jx6xh	1️⃣8️⃣0️⃣3️⃣
5HMmn7tubceBdBHgya2QBdAVKcMm3CP69owWNbqVxiKjRDQf	1️⃣8️⃣0️⃣3️⃣
5Dnd9vcYiNCuMpELpbKJfZ73oZN1c67w9WQdAaA4GqpVi7wU	1️⃣8️⃣0️⃣3️⃣
5Gixarn1fyzB5Epb2jvQR14ktprrmoMF7Dy33okA66eyRfTJ	1️⃣8️⃣0️⃣3️⃣
5GNcK4vU4qCb3HzPtyZcpMZb1GWPxZRW6VLULiKCyrVZBk4P	1️⃣8️⃣0️⃣3️⃣
5Dq2V18CcMw2MLQX9X53jRB9ozb1CJ47Neg671LMWTaEbeYt	🎯 sniper
5FWiJotgyMxWvCbxk2FU15tLESwV9VWjCTsLpuYyuyhstA6v	🌴 G8
5GQwXFU1d29Gt7HUeK4a5g6BGAePfbZPh7NdTBG2Etk6aqKw	🌴 G8
5Do2JLhj6E9ryYagp7LBerLAPx26bhsmQZfcPocQEWjANAoy	🌴 G8
5G8qu1GjiVKiYnTXu76FhPs63mPsUjqTHEETaKcPwd2XPNVV	🌴 G8
5DjsDPwBmxdgoSUVr5xJBu1prSHxYnxMYPKEtNHd1aU5fS5V	🐉 top
5Hh3YYvPKsVcSAP4mA9WRfmdSw3Wg16kbrHy5HEWSkXo4Kg3	🐉 top
5FEHeTrwAXHYa3iN3hceqXdhDAfA1JSnyLdWS3K55t33a218	🐉 top
5GW8wGSVpiab3ASCqNg4jxibzzCVwify6xGf2SLUozjrryad	🐉 top
5D4R4XEyexUE4636udkv3Ke13xKQCcDfqqMStN4aiXV8bFkA	🐂 ox
5E4QPHJHShKqMTN8zZwDFBRL6tYAgLArpVVhU6CXjAZLj26U	🐂 ox
5HYFwnDMNmkAfizZdEXaXBGQjEW2Yh8U8veEeMKdtDuoXHuV	🐂 ox
5ExdjDw3Ymv9dxr9g1AYqStQ5KdxsKGW2Y9SunQ6bmU6ZxWG	🐂 ox
5HjdH6wLj1tS4z5ydBZdP5cBMbhhiZLCxNec3E7A7QzNAzyv	🗡 ares
5DPDhU5cKL5zjWttVtivFYipxrGguKVxD1cScGrs9XTXdDcM	🗡 ares
5Dr77HqS89cwQ26FjkXDWmAAiW5zV1URQCfiwGQebCq3RKDe	🐤 bird
5DNuR2M4UVdmC9nnUdQ8F2BP3Fn4oQ72iD32ATJmEx2D8kzZ	🏙 jang
5FTwa7t2eHMr5prLxPCVnBdLLdQLTELHq9Bw4bg8J9Qt7iet	🐉 top
5D572qGFEHPKTAkM6H8ygexJz8KmegCyoYpHE9ntC2b8xZJy	🐉 top
5GbZvz4xiR5Z7J7gPbMFHaJAHLK2NULkrd2bG2Rm3y9Z7tcC	🌴 G8
5DLepAQzVwUEeYDz7tachNN26NLpu281SZ5k6WzzvrDDC2pj	🌴 G8
5FxY32xdte4Dk77bRQESEg7g4aiwZ7CBZ16QdpmGjskBNJm1	🗡 ares
5GsBvi3JpLbjJER7i7VnYRWsTmTNKpZN2M6969erAwHbxjZZ	🗡 ares
5EnRrwqt8GCBCACUioF9qpd8rhbucrD4W4tXxHDGj5AraAUU	🌴 G8
5CaCyV39xo7kW2HxjpkRALxzAMn1rDyh5LkYB2UQmtKaKpXP	🌴 G8
5DLiGzQhXqQFsSozwtzdzsAxUoJDqDQveasLGcK4c2ypHuY2	🌴 G8
5E9MjjypboG2LkoLzJFteeNSr9w8SX1RgV2PN5CqK6Qas22D	🐉 top
5GWDH8widHppYZaUAkPBMMyPHsyvNMDQMihikSp8m7JE2EET	🌴 G8
5DhTs7sBfVFqHbxBNeYkNDnCKN5n8ZkbyC498e8S7nSrnhYC	🗡 ares
5DFEzWiUVP2ks4ExAmgaRXDV4CJBXQ623yPA2cNRnswLj2o9	🗡 ares
5CJ62pcimTUkK3trDDRgARZiaobWakUogTmR59WKHqnWGawb	🐉 top
5FTYGJTWvL9eNMchPZsvoGmcwvTbRisX5BHrYLvhQWsk8pB1	🌴 G8
5EbbVAk4yV31wkxfhmB2zY667EKi1uG7hDuEmLoBkTvrfbZN	🏇 astro
5FxofFTQxYx8fLjWcxgTY9d6LBGXophVXmRnjJZ2d4nex4J5	🏇 astro
5DtiP5ee8PcV3oRe2xRoQdQGhGvAAWvmDjkuNU4q95PXNNj3	🏇 astro
5GWG1DvySz5xmbqTasba4oyApBEXFBJ92ZNYGawqsRkBTVtX	🏇 astro
5D4q2RAhDHp74bD54Ht7z1rNvdb5DmfNr3TPQGM3BGyR54iW	🗡 ares
5E1ZenXbHvmJttqQYgSjGTUg53zz6bidcwXLTL9MpNLxrKnd	🐝 Kstar
5CeuMh1qM68vUzEpoZ4Vy3CnqQs8G7TVs5t5uxsEj9tY6buT	🐝 Kstar
5EePdqJ8bkee7vnDHVNYckR8HYRz9d75UUSMEy12Bdcxc2xH	🏇 astro
5DyDgC1HHjzYBgcBHirZXhTpw8b6FH77z3FKptq9qrj1aQCa	🎯 sniper
5DVGSDji4bkk8sDjdz6RuFygpEdem6P94zLCXQELzjc6PgCs	🌴 G8
5H4N1Moa2L9tmFqArhWLJR6NFF4BZ4sgtkezuPB8KM3oUzVL	🏙 jang
5FWxUZqhSP5QFg2hR5RrSQgyr2WuGTHjPMdb8xWmv7jhBMfg	🦜 phoenix
5ENmKrh72wiR45UKXeqg12pn4RKDteNwoz6CHPkadM4Q59su	🦜 phoenix
5H9T2UuK2wneYx2cxaeoH7rBC8qV1h5WNBiPrFmkULPQ6H4T	🦜 phoenix
5EZjxQGK83Hc2oCxbfXS7kivneszUZD6dSP9RaccAcavZWsf	🏙 jang
5DedzHDUfCZWttzMdaa2FFUaJFh8gk2PePXQcn6tScMtabmN	🏙 jang
5HNSzgjN7nmV2rqidnTd8keRdQYruGLgBPYXGG8FQhntJuDS	🏙 jang
5CzDwkw3gupApsGNLBdJny4iYP75n35G6vFpMMgPT1JzQewH	🎯 sniper
5GesDuPtjfQQpsJ6UfLfc5pQC7bhJ5QGuVJDD5FgjD8bSnoT	🌴 G8
5Dsy8VJt9kMfsQh7rTFVQjj5E6apvLYszE3VWWPzG3ueTqVX	🌴 G8
5Dq2V18CcMw2MLQX9X53jRB9ozb1CJ47Neg671LMWTaEbeYt	🎯 sniper
5DyDgC1HHjzYBgcBHirZXhTpw8b6FH77z3FKptq9qrj1aQCa	🎯 sniper
5D5fc5xP2zxTGzihQNfV3aSuFRuVfjdTTvXamJnVkhP69m22	🎯 sniper
5Hiiehw2JcCB6NfLPTdn1B9D7QQE6UU4KCDfctdzYgjytQny	🎯 sniper
5F2HWfa8mL7d5oChLuR8UhfQE8sh9ge7ALFGdfqpusf1HnGM	🐂 ox
5Cm7Fnivtkgfkqed9tUwzqLam6AGfxBqVDbNmnK5Sw6yBtV4	🐉 top
5Cd83L1MMXDfQvhYBUkUR1gcKYGfTWzFdqhpQjnAr1weLgUb	🐉 top
5CttLExJhrzZmiK1dHiT5izLVufnPnrDjUrjdYBYqAwt2TZF	🏇 astro
5FNJfYLaQDzv6pnUj5iaTk1tfVn2KF1LggCrL2b4S26zW5sC	🐷piglet
5EX7dSU2ZCeQzGv4D1eZ5fpfhFT2CXeGyiZ8Nui83WMmTiyy	🐷piglet
5Fegaem1FfZRZbr7oNCWP9JXg365u6Le4x2wAN9wU2Dgn1Sq	🐷piglet
5GHSqcrSkNpU3U9K4TY6hoywXiv3xnhgfw6DtRcBRB2hyaeY	🐷piglet
5CXPCUAg7YJ2y835BHi3xRcb9jTwJDiP3W7JvagGtjUuqXLd	🐷piglet
5FqAt5wHaSUybuW8hHPbVSHrP2z8VZwRcFFZbqz3f4kJdEoS	🐷piglet
5CQ1Su94kk37KrYybPvXrkpcf2kjYMUYSmjMhaJ1KYUFohYp	🐷piglet
5EhzbH5s1vTrG2AFU2qSQ1dPA8nydfjA4ZjZqGHbMRkbEae8	🐷piglet
5CogqZCfoRMBDUaC1B7f6YrKYLZNqXQv9yY6a9HVxRDPBten	🐷piglet
5F72x6CsV5fQN44W5WF5rgBfGmTfUuxF4ZKtFhQRzh9su9US	🐷piglet
5DHzkYiUHBUobAVyrtdGKmGZkLi2MBzz69cmij9LvrVXUCb4	🐤 bird
5CDCDL27VJBCrBZsZuPt5ZBWUC5WeRdeGEfd3MUbcsGG2g9M	🐤 bird
5EqZ5n35HyozktBCn2wp5iLQqDAXzoAZp2JRSEdMq4KNT2LD	🐤 bird
5EsjVPAL33AsW9Gmw1YXYbWskqRaoBLutAKs25xR2zGptY1N	🐤 bird
5Fzua98dypKcrCXag9wXaTgn7ys1NRSFSb3nPZgutkrte9zT	🐤 bird
5EbeY3u1dnhtrR6kHQVnAYkJaVnaLKMJa6sxycRWru3dFhhd	🌴 G8
5FgtnbrJXC8ujMia6Lrc57SP7Py4HoWcUmmHYopKvju9F9Ph	🌴 G8
5GEfkC9GoBpSqVFJPeN3pvAZK5GbuLA2jQkhKFiiB8Uw1RB9	🌴 G8
5CqebZaQHvTXTg53epNNe7ZJsJritSV3YUxkBDMV2ct8zZDc	🌴 G8
5FKXANrirVp5ByxYhKtxovZuh66qwh8GyN1PuhwnCgcwk4CG	🌴 G8
5DLqQP3LcviDRATuwcWvsPdRyCrLh6P78qssD1RX3D9CXCw9	🌴 G8
5E9u2QHjNcGdS8m3SYhp13Wsto4wSLXbKWRFyTpGbSCmgwXu	🐝 Kstar
5CP5giG1183mqMWrQsV15zgcEDGqzMpn6hA67UPxTq4Tdd8n	🐝 Kstar
5FeuC2yttSQnXkfzAXZEJouJQRrXiz5V2eP5g4ZLczJW9LDJ	🐝 Kstar
5CrXt3PbQTYMauSKaUDPP5rACFUbVfwSYmh6ViGjPXYcKLYK	🐝 Kstar
5DXNGgPwWx633Cs9FE5J2qSV7tHagUoNuigdozeqmz1Zu58S	🐝 Kstar
5F71hWA63ehZdG2EM3S8Xksav9MigR5u6sZqs63KJufqaRXA	🎰 lucky
5DWmYVBUQomUuq6BrJsdiBbbMMhUPEQv1wRodf6bhWRJ3XmY	🎰 lucky
5FsjFpYLSFM6UTWgd2DDGGn3nD5ezefDDMfP2fip5ghkVgPi	🎰 lucky
5DZH1LKyG3UY9Ssd5nUKchydTAubn2pem4uRRdiPJPhtkDDf	🎰 lucky
5Gn9c5xkMZJVb7juQ9Rup3B9RS36DvEeT4mHN8fCgJGVEcS2	🎰 lucky
5DqmxdDV7zw9k2iRpFwdBuW8DfRrfkTwpUBjL1oZkEgrC26t	🎰 lucky
5F7hkRoH4BbPMJy427fQUg8QUoQuGg5EVU6SXBgPmmeUVvA1	🎰 lucky
5DytCXkhNEj68ZV65hDnD3C3N9SfNvb5YXNqkzSrSmCPMhFp	🎰 lucky
5GFBN4ZYAHNegUboyUYNbW4GviHzqYvY7NhzVwpHQhaNjpj3	🎰 lucky
5EjwQtJgHimtrBdcraFMP4KhcF9VbvK96F4vRoTdAkTLTmw7	🎰 lucky
5CXncvfTk1829mtk3fNBJgSXxMLio9ihMnimyKjA1kJav2DU	🐉 CGG